num,category,title,population
0, 정치개혁," 연일보도중인 ""층간소음 살인미수사건""경찰대응문제로 인천 **경찰서를 고발…
"," 240,010
												"
1, 인권/성평등," 완주 고등학생 살인사건
"," 92,229
												"
2, 인권/성평등," 오피스텔에서 남자친구에게폭행당해 사망한 여자친구를 죽인 피의자 남자친구를 살인죄적용.신상공…
"," 53,460
												"
3, 인권/성평등," 동거 여친의 이별 요구에 격분에 살해후 19층 베란다 아래로 여성을 떨어트린 30대 남성 …
"," 41,681
												"
4, 기타," 백신접종 후 사망한 고3아들의 엄마입니다.
"," 41,671
												"
5, 반려동물," 동물병원 진료기록부 발급 의무화를 통해 보호자 및 반려동물의 권리를 보장해주세요.
"," 30,578
												"
6, 인권/성평등," 16세 줄넘기 국가대표 여학생을 성폭행한 26세 코치의 강력한 처벌과 신상공개를 요구합니다…
"," 29,008
												"
7, 안전/환경," 피해자를 버리고 도망간 경찰 파면요구
"," 27,355
												"
8, 보건복지," 간호사의 안전을 보장해주세요
"," 27,308
												"
9, 육아/교육," 성폭력 피해자가 가해자로 몰리게 되었습니다.
"," 24,923
												"
10, 미래," 마스크 써달라 요청했다가 편의점 알바생 뺨 때린 가해자 강력처벌을 원합니다.
"," 24,282
												"
11, 교통/건축/국토," 무면허 음주운전자가 아이들의 아빠를 죽였습니다.
"," 21,474
												"
12, 인권/성평등," 트위터에서 발생한 남탕 몰카 사건 강력한 처벌을 촉구합니다
"," 19,906
												"
13, 보건복지," 33살 건장한 제 동생이 모더나 2차 3일만에 사망했습니다.
"," 19,592
												"
14, 보건복지," 비합리적이고 강압적인 실내체육시설 등에 관한 백신패스 폐지를 간곡히 청원합니다
"," 18,369
												"
15, 보건복지," 화이자 백신 접종 후 ‘며칠 쉬다 갈게’ 하고는 별이 된 남편
"," 17,129
												"
16, 반려동물," 새끼 길고양이 얼굴에 토치로 불 질른 학대범 강력처벌과포토라인세워주세요  동물 학대 범죄자…
"," 16,915
												"
17, 보건복지," 저는 화성 **고 급식실 사고로 하반신이 마비된 교직원의 남편입니다.
"," 16,606
												"
18, 보건복지," 화이자 백신부작용으로 인해 뇌사상태에 빠진 저희 누나좀 도와주세요
"," 16,445
												"
19, 행정," 가계대출 관리를 명목으로 진행되는 은행의 가산금리 폭리를 막아주세요
"," 15,790
												"
20, 인권/성평등," 불법몰카 원인 초소형카메라 사용.판매 금지를 원합니다.
"," 15,216
												"
21, 인권/성평등," 초등학교 여교사 화장실에 카메라 설치한 교장선생님 강력처벌과 신상공개를 촉구합니다.
"," 15,016
												"
22, 교통/건축/국토," 요소수 문제 해결해주세요
"," 14,929
												"
23, 인권/성평등," 계부로부터 성폭행을 당한 뒤 극단적인 선택을 한 두 청주여중생  피의자 계부신상공개 요청 …
"," 14,772
												"
24, 보건복지," 억울하게 돌아가신 저희 어머니를 도와주세요
"," 13,650
												"
25, 기타," 노태우 국가장 반대
"," 13,506
												"
26, 인권/성평등," 천안 **** 금 살인사건 가족입니다. 엄벌에 처해주세요
"," 12,519
												"
27, 보건복지," 모더나 백신 1차 접종 후 사망/ 아버지의 억울함을 풀어주세요.
"," 11,708
												"
28, 보건복지," 43세 두아이의 아빠가 모더나2차 접종 후  하루도 지나지 않아서 사망했습니다.
"," 11,552
												"
29, 정치개혁," 공립 유치원 교사 임용후보자 선정경쟁시험 개선 및 유아교육의 방향에 대한 재검토
"," 10,502
												"
30, 교통/건축/국토," 유류세인하 누구를 위한겁니까..보조금깍지 마세요
"," 10,488
												"
31, 안전/환경," 대구 시내의 한 식당에서 손님을 내쫓는 등 행패를 부린 중학생 일당 강력처벌과신상공개를 요…
"," 9,709
												"
32, 행정," 대전시는 새내기 공무원의 억울한 죽음에 대한 징계절차를 즉각 진행하고, 정부와 국회는 법을…
"," 9,622
												"
33, 보건복지," 모더나 백신 접종후 복부출혈로 긴급수술, 한달째 물한모금 못마시고 입원해있는 제남편을 도와…
"," 9,228
												"
34, 보건복지," 위드 코로나에 대비할 전국 항체치료센터를 즉시 마련해주세요.
"," 8,857
												"
35, 교통/건축/국토," 한국판 뉴딜 민자사업의 지하철 3호선 파주연장(대화-덕이-운정-금릉) 노선의 민자적격성조사…
"," 8,595
												"
36, 인권/성평등," 학폭으로 제 아이가 고통받고 있습니다.가해자편에선 수사로 죽음을 선택하려는 아이를 살릴 수…
"," 8,388
												"
37, 안전/환경," 인천 층간소음 상해사건을 담당한 현장 경관 2명과 망언을 한 것으로 추정되는 경관 1명의 …
"," 8,302
												"
38, 보건복지," 화이자 백신 접종 후 '장기 괴사' 및  '악성림프종혈액암�…
"," 8,016
												"
39, 육아/교육," 아이들이 아파트 놀이터에 놀다 아파트 회장에게 잡혀갔어요
"," 7,989
												"
40, 보건복지," 34세 청년가장이 36세 형 백신 부작용 치료 후 퇴원하는 날, 화이자 1차 접종 후 뇌사…
"," 7,154
												"
41, 성장동력," 불평등한 과세로 인한 가상자산 시장 ""억압""을 멈추길 원한다 !!
"," 6,853
												"
42, 보건복지," 모더나 2차 접종을 맞고 3일만에 '식물인간'이 되어버린 아들을 살려주세…
"," 6,813
												"
43, 보건복지," 코로나19 백신부작용으로 와이프가 죽었습니다
"," 6,316
												"
44, 반려동물," 고속도로에서 강아지 매달고 달린 SUV
"," 5,977
												"
45, 인권/성평등," NHF 리츠 공공임대 조기분양과 분양대책 적용 확정해주세요
"," 5,935
												"
46, 기타," *** 후보 **을 이송한 구급대원들에게 경위서를 쓰게 하고, 근무조까지 조정한 **소방서…
"," 5,934
												"
47, 육아/교육," 가해자가 우선인 화성시 **읍 소재 ㅇ초등학교 성추행 학폭 사건 청원
"," 5,747
												"
48, 인권/성평등," 인천 빌라 흉기난동 사건 때 달아난 여경의 파면과 여경들의 체력기준 강화를 청원합니다.
"," 5,375
												"
49, 안전/환경," 별내동 물류센터 건립을 막아주세요
"," 5,314
												"
50, 행정," 대통령님,  경찰관들이 국민은 안전하게 보호할 수 있도록 ""무기 사용 면책특권&q…
"," 4,994
												"
51, 안전/환경," 경기도 버스노동자들 사이의 노동조건 차별 해소를 위해 1일2교대제와 준공영제를 전면 도입해…
"," 4,901
												"
52, 보건복지," 화이자 백신 2차 접종 후 남편은 세상을 떠났습니다.
"," 4,774
												"
53, 보건복지," 재가노인장기요양센터를 관련입니다
"," 4,758
												"
54, 육아/교육," 현장실습 유가족들은 더 이상의 희생자가 없기를 피눈물로 청원합니다.
"," 4,710
												"
55, 보건복지," 백신 패스 전면 철회 요구합니다!
"," 4,693
												"
56, 기타," 2021년 제 32회 공인중개사 2차 시험지 오타로 인한 피해자를 구제해 주세요
"," 4,636
												"
57, 보건복지," 아버지가 제 결혼식을 2주 앞두고 화이자 2차 백신을 맞고 돌아가셨습니다.
"," 4,552
												"
58, 문화/예술/체육/언론," 음원사재기 1호 가수 관련 사건 철저한 수사 촉구합니다
"," 4,549
												"
59, 안전/환경," 성착취물 로 고통받게 하는 불법 영상 딥페이크 제작자.소지자 처벌을 받을수 있게 부탁합니다
"," 4,449
												"
60, 보건복지," '백신패스'를 반대합니다.
"," 4,445
												"
61, 행정," 고 ***군 한강대학생의문사 검찰원점재수사촉구 청원
"," 4,409
												"
62, 보건복지," [아스트라 중증 부작용] 저희 장모님 다시 깨어나게 해주세요.
"," 4,229
												"
63, 기타," 고객이 보험금 수령한 일이 왜 설계사의 잘못인가요?
"," 4,185
												"
64, 기타," **** 거짓광고 및 이용약관 미이행
"," 4,075
												"
65, 행정," 내란수괴 노태우의 국가장 취소를 청원합니다
"," 4,045
												"
66, 행정," “****의 ***, 악성민원으로 인한 행정력 낭비를 막아주세요.”
"," 3,997
												"
67, 반려동물," 개물림 사고에 대한 책임을 법적으로 강화시켜주십시오.
"," 3,975
												"
68, 기타," 아빠를 죽음에 이르게 한 병원의 처벌을 요구합니다.
"," 3,953
												"
69, 인권/성평등," 피의자 신상공개 지침 일부개정지침안 반대합니다.
"," 3,926
												"
70, 인권/성평등," 성폭력의 피해와 지독한 2차가해들로 인해 고통속에 살고 있는 힘 없는 우리 가족을 살려주세…
"," 3,809
												"
71, 보건복지," 백신접중후 심장혈전으로 사경을 헤메고 있어요.
"," 3,798
												"
72, 보건복지," 모더나 1차 백신 접종 후 사망
"," 3,709
												"
73, 육아/교육," 피해자인 아이를 학교가 왕따 시켰습니다.
"," 3,693
												"
74, 기타," 코로나 백신 화이자1차 접종 후 더 이상 어머니를 보지 못하게 되었습니다.
"," 3,687
												"
75, 문화/예술/체육/언론," 프로야구 리그중단과 관련하여 KBO *** 총재의 개입에 대한 진상규명을 청원합니다.
"," 3,658
												"
76, 보건복지," 저희 언니가 코로나 백신을 맞고 죽었습니다.
"," 3,622
												"
77, 보건복지," 8월 9일 화이자 1차 백신 접종 후 몇 시간 뒤 남편을 떠나보냈습니다.
"," 3,552
												"
78, 보건복지," 모더나 2차 백신접종 후 다음날 사망
"," 3,532
												"
79, 보건복지," 연차선지급, 수천만원 환수! 이것이 포용복지인가요?
"," 3,462
												"
80, 반려동물," 너무나 잔인한 방법으로, 동물을 학대하고 실험하는 수의사들을 면허취소 해주세요.
"," 3,444
												"
81, 교통/건축/국토," 부산시 **구 재개발 ***지구 조합장(이하 ‘조합장’) 및 관계자들의 문제점을 바로잡아 …
"," 3,386
												"
82, 보건복지," 저희 아버지는 아스트라제네카 2차접종 하루만에 돌아가셨습니다
"," 3,366
												"
83, 문화/예술/체육/언론," 제102회 전국체전 여고부 핸드볼 결승전 편파판정 의혹 규명 해주세요.
"," 3,363
												"
84, 안전/환경," 화이자 백신 임상부실로인한 접종반대 및 치료제수입반대
"," 3,264
												"
85, 보건복지," 편의점 업종 제외 철회 요청
"," 3,185
												"
86, 보건복지," 코로나-19 백신 접종 후, 하반신 마비 및 안면 마비를 온 저희 어머니를 도와주세요.
"," 3,173
												"
87, 보건복지," 화이자백신 1차 접종후 사망
"," 3,133
												"
88, 행정," [긴급상황][도와주세요]16세 죽고 싶을 정도로 힘듭니다.폭행사건 도와주세요.
"," 3,116
												"
89, 교통/건축/국토," 서해선(대곡소사선) 탄현역-야당역-운정역 연장사업을 올해안에 조속히 확정시켜 주세요!
"," 3,029
												"
90, 경제민주화," 기관과 외국인에게도 공매도 상환기간을 적용해주세요. (공매도 담보비율도 수정부탁드립니다)
"," 3,007
												"
91, 반려동물," 군대 내 길고양이 학대 사건
"," 2,935
												"
92, 교통/건축/국토," 주차중 문콕피해에 관련한 대책을 마련해주십시요.
"," 2,916
												"
93, 기타," 악덕 집주인을 만나 바보 아빠가 되었습니다.
"," 2,867
												"
94, 인권/성평등," 백신패스 폐지 청원; 개인의 기본권을 심각하게 침해하는 치별적/반인권적/위헌적 정책
"," 2,862
												"
95, 안전/환경," 지게차 사고로 억울하게 돌아가신 아버지의 한을 풀어 주세요
"," 2,858
												"
96, 육아/교육," 제주도 모중학교 학교폭력 피해자 엄마 입니다.
"," 2,829
												"
97, 보건복지," 제 남편은 아스트라제네카 백신 2차 접종 후 8일 만에 사망했습니다
"," 2,738
												"
98, 보건복지," 화이자백신 접종 이후 제 28번째 생일은 뇌출혈로 돌아가신 아버지의 기일이 되었습니다.
"," 2,719
												"
99, 육아/교육," 급식조리사 및 돌봄전담사 등 학교에서 근무중인 근로자들의  단체행동권 관련 노동관계법 개정…
"," 2,711
												"
100, 보건복지," 코로나 백신(화이자)2차 접종후 기저질환 없으시던 아버지가 돌아가셨습니다.
"," 2,703
												"
101, 보건복지," 늘어나는 백신 부작용자들의 반복된 호소, 그러나 대답없는 메아리
"," 2,639
												"
102, 육아/교육," 태아목에탯줄을 감고있는걸 38주간 단한번도 탯줄에 대해 설명해주지않아 태아가사망하였습니다.…
"," 2,566
												"
103, 기타," 국립공원에서 야생화된 고양이에게 먹이주기 하던 캣맘이 계도하던 공단 직원의 눈에 뿌린 독성…
"," 2,516
												"
104, 기타," HMM의 191회 영구채 상환을 해양진흥공사가 받게 해주세요
"," 2,455
												"
105, 인권/성평등," 공무원·조폭 등 부산 성매매 업주.키스방광고사이트운영자 강력처벌과 신상공개 촉구합니다.
"," 2,440
												"
106, 교통/건축/국토," ***과 맞먹는 재개발 비리의 온상 부산 ***구역 재개발 조합과 시공사 과다한 폭리
"," 2,438
												"
107, 보건복지," 요양병원 잠자는 약물로 생명이 위독하신 어머님을 도와주세요 !!!
"," 2,416
												"
108, 인권/성평등," 여성할당제, 즉각 폐지하십시오
"," 2,415
												"
109, 인권/성평등," 뺑소니 사망 사고를 저지른 파렴치범의 강력한 처벌을 바랍니다.
"," 2,405
												"
110, 보건복지," 백신 부작용으로 인한 뇌출혈 사망
"," 2,391
												"
111, 정치개혁," 노태우 씨 국가장에 반대합니다
"," 2,351
												"
112, 반려동물," 동물농장에 방영된 반려개 트럭 학대범 강력 처벌 해주세요.
"," 2,333
												"
113, 행정," 기획재정부 유권해석(2021.11.02. )의 예고 유예없는 일시적2주택 비과세 보유기간 …
"," 2,254
												"
114, 보건복지," 제 아내는 화이자 백신 2차접종 3일후 지속된 발열과 함께 급성뇌출혈로 쓰러졌습니다.
"," 2,144
												"
115, 보건복지," 모더나 2차 맞고 19일 만에 사망한 49세 가장의 아내입니다..
"," 2,126
												"
116, 보건복지," 화이자접종 후 엄마가 벙어리가됐어요
"," 2,099
												"
117, 보건복지," 위드코로나..그리고 백신패스제도..
"," 2,062
												"
118, 보건복지," 백신후 생리부작용(생리지연,생리불순,하혈 및 부정출혈)인정과 시험관아기및 임신준비중 백신패…
"," 2,051
												"
119, 보건복지," 백신맞고 후유증에 시달리는 것도 억울한데 백신패스로 차별까지 받아야 합니까
"," 2,004
												"
120, 정치개혁," 민주주의 헌법 정신을 짓밞고 군사 반란을 주도한 노태우 씨에 대한 국가장 진행을 취소해주십…
"," 1,935
												"
121, 인권/성평등," 불법촬영 범죄  제대로 된 규제를 원합니다
"," 1,932
												"
122, 경제민주화," 씨티은행 단계적 폐지, 청산으로부터 기존 대출을 이용하고 있던 소비자를 보호해주십시오
"," 1,910
												"
123, 육아/교육," 졸속 교육행정으로 인한 아이들의 잃어버린 학교를 되찾아주세요.
"," 1,898
												"
124, 보건복지," 단체급식 영양사의 권한을 돌려주세요!
"," 1,884
												"
125, 보건복지," 백신 접종 후 아버지가 돌아가셨습니다.
"," 1,838
												"
126, 행정," 국민 98%는 종부세와 무관하다는 이억원 기재부 차관은 통계 근거를 제시해 주십시오.
"," 1,829
												"
127, 문화/예술/체육/언론," 오빠찬스와 부정투표로 걸그룹 멤버가 된 *****의 퇴출을 청원합니다.
"," 1,811
												"
128, 인권/성평등," 잔소리 한다고 친누나 살해 후 농수로에 유기한 남동생 사형선고후 신상공개 요청합니다.
"," 1,763
												"
129, 안전/환경," 요양원 치매 환자 등에게 동의 받아 행복도시 소각장 부지를 밀실 불통 행정으로 없애고 자연…
"," 1,725
												"
130, 반려동물," ** 길고양이 연쇄 살해범을 제발 잡아주세요.
"," 1,717
												"
131, 교통/건축/국토," 성남 **마을의 남녀공용 전환을 촉구합니다.
"," 1,674
												"
132, 보건복지," 코로나백신후 40대 남자 돌연사
"," 1,652
												"
133, 교통/건축/국토," 요소수 문제 해결 간곡히 부탁드립니다.
"," 1,638
												"
134, 보건복지," 접종 강요하는 '백신 패스' 결사 반대!
"," 1,618
												"
135, 안전/환경," 스토킹으로 신변보호 받던 여성 살해한 30대 남성 신상공개 요청합니다
"," 1,590
												"
136, 기타," 요소수 사재기 부족현상 해결해 주세요
"," 1,581
												"
137, 보건복지," 코로나 백신 접종 이후 사망한 아내의 죽음을 명확히 밝혀주세요.
"," 1,573
												"
138, 행정," 부산 임대아파트 분양사기당한 240명 불쌍한 저희 얘기를 들어주세요 .
"," 1,540
												"
139, 보건복지," 코로나 백신 미접종자들을 향한 불이익과 비난을 멈춰주세요.
"," 1,522
												"
140, 기타," 억울한 고인과 유가족에게 힘이 되어주세요
"," 1,520
												"
141, 인권/성평등," 헬스장 백신 패스 도입을 반대합니다.
"," 1,496
												"
142, 저출산/고령화대책," 다문화가정의 고령의 부모 초청비자 관련법 개정이 필요합니다.
"," 1,421
												"
143, 육아/교육," 다시 한번 호소합니다.3년째 여전히 사지마비인 제 아들이 더는 억울하지 않게 도와주세요
"," 1,417
												"
144, 보건복지," 부적절한 의료 행위로 골든 타임을 놓치신 아버지가 세상을 떠났습니다. 과실이 있음에도 과실…
"," 1,402
												"
145, 보건복지," 청소년 두피젠트치료가 보험적용되어 중증아토피 아이가 평범하게 살수있도록 도와주세요
"," 1,389
												"
146, 경제민주화," 오너일가의 이익을 위해 소액주주가 피눈물 흘리는 **홀딩스 주가조작을 엄벌해 주시기 바랍니…
"," 1,386
												"
147, 기타," 코인(가상화폐) 작전세력 사기꾼들을 엄벌해 주십시오.
"," 1,382
												"
148, 보건복지," 저희 아버지는 화이자 백신 2차 접종후에 사망 하셨습니다.
"," 1,375
												"
149, 육아/교육," 2학년 초등학생 반 전체아이를 정신적, 육체적으로 학대한 담임 교사를 엄벌에 처해주세요.
"," 1,369
												"
150, 인권/성평등," 직장내괴롭힘법 이전 괴롭힘도 법 소급적용 해주세요
"," 1,352
												"
151, 보건복지," 백신 접종후 '원인 미상'으로 돌아가신 어머니의 한을 풀어주세요!
"," 1,339
												"
152, 안전/환경," 공동 주택에서 발생되는 층간 소음/벽간 소음에서 살려주세요.  현실적인 <층간소음방지…
"," 1,335
												"
153, 행정," 요소수 파동 정부에서 해결 부탁드립니다.
"," 1,335
												"
154, 보건복지," 백신 미접종자 출입금지
"," 1,332
												"
155, 보건복지," 백신 접종 후 급성심근염으로 고통받는 어머니를 살려주세요!!
"," 1,324
												"
156, 육아/교육," 학교 교원업무정상화 실현해주시기 바랍니다
"," 1,310
												"
157, 보건복지," 장남 백신부작용으로인해 뇌출혈.저희형 도와주세요.
"," 1,308
												"
158, 안전/환경," 고속도로 공사 영향으로 아버지가 아픕니다. 최소한 국민이 피해받지 않는 선에서 공사를 진행…
"," 1,307
												"
159, 육아/교육," 시흥시 ***중학교 설립촉구
"," 1,291
												"
160, 보건복지," 코로나로 접종후 백혈병 진단
"," 1,290
												"
161, 인권/성평등," 갑질교수 처벌 및 대학원생 인권을 위해 법 제정을 부탁드립니다.
"," 1,289
												"
162, 안전/환경," KT에게 통신사로서의 징계를 내리고 제4의 국영통신사를 만들어 주세요
"," 1,258
												"
163, 인권/성평등," 인권 사각지대에 놓인 재중동포 간병인들의 호소문
"," 1,239
												"
164, 기타," 아버지를 음주운전으로 사망하게 한 가해자가 집행유예를 받았습니다
"," 1,229
												"
165, 육아/교육," '영토교육'은 다음 생에
"," 1,205
												"
166, 보건복지," 친정어머니가 백신 부작용으로 급성백혈병 진단받으셨습니다
"," 1,205
												"
167, 인권/성평등," 장인앞에서 일본도 로 아내살해 한 남편 피의자 40대 신상공개 재요청 촉구합니다
"," 1,197
												"
168, 보건복지," 백신패스를 완화하라! 백신패스는 손님패스입니다.
"," 1,170
												"
169, 보건복지," 엉망진창인 정신병원에 대한 코로나 방역 현실
"," 1,127
												"
170, 보건복지," 백신 이상반응으로 제 삶이 망가졌습니다.
"," 1,124
												"
171, 행정," 정부 공공기관의 공문의 파일형식을 HWP 가 아닌 PDF로 배포하기를 강력히 요청합니다.
"," 1,118
												"
172, 교통/건축/국토," 동작구청 지역주택조합 관리강화와 *******(*****) 집중관리를 요청드립니다.
"," 1,116
												"
173, 문화/예술/체육/언론," 골프장 갑질과 횡포 이제 정부가 나서야할때..
"," 1,116
												"
174, 보건복지," 나라의 주인인 국민으로서 적폐인 금융위, 금감원에 경고!
"," 1,093
												"
175, 보건복지," 건강하셨던 아버지의 갑작스런 사망, 접종 부작용의 사후관리가 필요합니다
"," 1,093
												"
176, 안전/환경," ***** 불법철거로 인한 입주자 피해호소
"," 1,091
												"
177, 안전/환경," 백신부작용으로 인해 급성백혈병에 걸린 저희 언니를 도와주세요.
"," 1,083
												"
178, 기타," 화이자 2차 맞으시고 기저 질환 없으셨던 어머니 께서 돌아가셨습니다
"," 1,074
												"
179, 행정," 요소수 해결해주세요
"," 1,058
												"
180, 보건복지," 저희 시아버님이 백신접종후 백혈병판정을 받았습니다
"," 1,043
												"
181, 미래," 해운진흥공사와 산업은행의 해운재건을 방해하는 행태들을 막아주세요
"," 1,042
												"
182, 인권/성평등," 불법 몰카 촬영을 수백 회 한 고등학생의 형사처벌을 촉구합니다.
"," 1,039
												"
183, 보건복지," 약물 알레르기로 백신을 맞지 못한 국민을, 국가가 사지로 내몰고 있습니다
"," 1,037
												"
184, 일자리," ""*******"" 52시간 근무제/3개월 탄력적 근로시간제 위반 및 해외…
"," 1,036
												"
185, 보건복지," 63년생 아버지가 화이자 맞고 사망하셨는데 저의 짧은 소견
"," 1,034
												"
186, 육아/교육," **** 중·고등학교 학교 법인(*** 교육 재단)    “단전 · 단수”로 인해 “등교 …
"," 1,028
												"
187, 일자리," 학교청소의 전면 용역화
"," 1,026
												"
188, 보건복지," 백신 패스 반대합니다!
"," 1,007
												"
189, 행정," 기획재정부는 일시적 2주택 답변을 신속히 진행하여 주시기 바랍니다.
"," 1,007
												"
190, 보건복지," 백신 인과성 검증 방법에 대한 설명을 요청합니다
"," 1,000
												"
191, 보건복지," 존경하는 대통령님 백신접종후 허망하게 고인이 된 누님의 한과 유가족의 눈물을 닦아 주시길 …
"," 999
												"
192, 보건복지," 백신부작용인거같아요화이자
"," 975
												"
193, 일자리," 건축사 자격시험 문제, 분명 출제 오류가 있습니다.
"," 971
												"
194, 보건복지," 백신 접종 하루만에 급성 뇌경색과 뇌출혈로 고통받는 저희 아버지 살려주세요...
"," 969
												"
195, 반려동물," 저희 집 강아지를 물려 죽인 개의 견주가 처벌 받을 수 있게 도와주세요.
"," 962
												"
196, 교통/건축/국토," 집주인의 실거주 통보를 막무가내로 무시하는 세입자...집주인은 세입자한테 제 집을 빼앗기고…
"," 961
												"
197, 정치개혁," 국회의원 금뱃지를 폐지해야 합니다
"," 960
												"
198, 인권/성평등," 정하영 김포시장께
"," 949
												"
199, 인권/성평등," 여성을 마약성 물뽕 원료를 술에 타먹여 성폭행한 약사 강력처벌과마약관리법 위반으로 처벌 을…
"," 935
												"
200, 육아/교육," 학폭위 처분까지 나온 가해자 처분을 피해자 모르게 혐의를 없앤 **시교육청
"," 909
												"
201, 기타," 무고한 사람을 붙잡아 도둑놈으로 몰아 감금, 협박하고 불법적인  배상금까지 물게한 마트 직…
"," 907
												"
202, 기타," 코로나백신 100%로 달성만 외치는 문재인 대통령님 백신후유증으로 힘들어하는 국민은 안보이…
"," 905
												"
203, 행정," 배달 대행사의 무리한 요구, 이제는 제제가 되어야할때입니다.
"," 901
												"
204, 교통/건축/국토," 김해시 ***지구 ***-* 물류센터 허가 반대합니다.
"," 899
												"
205, 보건복지," 화이자 백신맞은 아이의 죽음, 그리고 반강제적인 백신패스를 반대합니다.
"," 895
												"
206, 보건복지," 코로나 백신과 급성백혈병 발병의 상관관계 조사를 원합니다.
"," 886
												"
207, 보건복지," 허리수술 후 대소변 장애가 생겼습니다.의료사고.4개월째 입원중.가정파탄 위기입니다.도와주세…
"," 882
												"
208, 경제민주화," 공매도를 허용한 것은 OOO을 허용한 것과 같다.
"," 880
												"
209, 인권/성평등," 장애학생이 지속적 폭행을 당하지만 학교와 국가로부터 아무런 도움을 못 받고 있습니다.
"," 876
												"
210, 인권/성평등," 사내갑질등 부조리의 온상인 용인시 ** 파스제조 제약회사의 검찰조사를 강력히 촉구합니다.
"," 870
												"
211, 보건복지," 국민들의 백신불안을 해소하기 위한 제안
"," 846
												"
212, 경제민주화," 국민 많은 사람들이 참여하는 공모주청약.. 높은 청약수수료를 없애 주기를 간곡히 청원합니다
"," 844
												"
213, 행정," 졸속으로 처리된 방역패스를 철회해주십시오.
"," 836
												"
214, 반려동물," 반려동물 입양 절차 강화
"," 831
												"
215, 교통/건축/국토," 저는 화물업을하고있는 40대중반의 가장입니다.
"," 825
												"
216, 교통/건축/국토," ""개화산역세권 도시환경정비사업, 강서구청의 무리한 기부채납에 원주민만 피해&quo…
"," 817
												"
217, 보건복지," 코로나 백신 부작용땜에 횡단성  척수염 진단받으셨습니다
"," 815
												"
218, 안전/환경," 동탄 인덕원선 복선전철 건설공사 중지 요구
"," 813
												"
219, 보건복지," 사지마비이자 혈관이상자인데 백신패스 예외대상 아니랍니다.
"," 807
												"
220, 기타," 딸 셋, 어린 손자손녀 7명을 보러 코로나 백신 접종 후 사망, 인과성 인정 못 받음
"," 800
												"
221, 행정," [질병관리청]의 심사에서 왜 브라질을  <예방접종완료자 격리면제 제외국가>에 포…
"," 794
												"
222, 보건복지," 장애통합 어린이집과 유치원에 대한 불합리한 점을 개선바랍니다.
"," 793
												"
223, 보건복지," 저는 백신 2차 접종 후 급성골수성백혈병 진단을 받은 73세 어머니의 아들입니다.
"," 791
												"
224, 보건복지," 저희 어머니가 화이자 접종후 급성 백혈병으로 돌아가셨습니다
"," 769
												"
225, 보건복지," 정부를 믿고 따르다 죽은 국민을 우롱하는 정부기관을 고발합니다
"," 764
												"
226, 교통/건축/국토," 경의중앙선 운영 개선 청원
"," 760
												"
227, 보건복지," 백신 이상(거부)반응 피해자에 대한 처우, 이것이 민주주의 인가요?
"," 755
												"
228, 보건복지," 근로장애인들의 피와 땀이 서린 고용장려금...  법인대표가 착복하지 못 하도록 도와 주세요…
"," 750
												"
229, 보건복지," 신포괄수가제 제줄라처방 계속되게해주세요
"," 749
												"
230, 인권/성평등," 인천 도망친 여경을 **** 혐의로 징역형 구형하도록 해주세요.
"," 747
												"
231, 기타," **(***** *****)의 운영오류로인한 재산 침해를 고발합니다
"," 736
												"
232, 교통/건축/국토," 국민여러분,대통령님 저희 ********상인들을 살려주세요.
"," 735
												"
233, 육아/교육," **초등_무자격 *** **교장의 갑질을 인정 안하는 **시교육청 감사실(1년만에 날려버리…
"," 732
												"
234, 보건복지," **** 백신을 조속히 승인해 주세요
"," 729
												"
235, 행정," 대출규제와 치솟는 이자율어 피눈물이 납니다
"," 726
												"
236, 행정," 대출 규제로 인해 잔금 대출이 막혔습니다. 분양 아파트 입주예정자를 위한 정책이 필요합니다…
"," 724
												"
237, 보건복지," 17q12microdeletion syndrome에 대해 산정특례대상 지정을 간곡히 부탁드…
"," 721
												"
238, 기타," 우리 자영업자는 찾아주신 고마운 손님과 싸우고 싶지 않습니다.
"," 718
												"
239, 기타," 도와주세요~대형보험사 말도안되는이유로수술비지급불가
"," 718
												"
240, 인권/성평등," 여성전용 임대아파트 '성남 **마을'의 남녀공용 전환을 촉구합니다
"," 714
												"
241, 보건복지," 아스트라제네카 코로나 백신과 급성골수성 백혈병의 상관관계 조사를 요청합니다.
"," 714
												"
242, 정치개혁," 노태우 국가장 반대합니다
"," 712
												"
243, 행정," 32차 공인중개사 이의신청. 청와대 및 관할소속
"," 710
												"
244, 인권/성평등," 제2의 N번방 ****사건 근본적인 해결을위해 국제공조수사를 요청합니다'
"," 709
												"
245, 행정," 법원 등기부등본 믿고 구입한 주택 뺏기게 생겼습니다
"," 700
												"
246, 기타," 손실보상금 10만원 받았습니다. 1년이 넘게 영업제한을 당했는데 이게 뭔가요?
"," 692
												"
247, 보건복지," 내 동생이 백신접종 이후 뇌출혈로 쓰러졌는데요..
"," 689
												"
248, 육아/교육," 코로나 집단감염!! 방역수칙 위반으로 집단감염을 초래한 어린이집을 고발합니다.
"," 688
												"
249, 행정," 김해공항 국제선의 조속한 운항 확대를 청원합니다.
"," 673
												"
250, 교통/건축/국토," 합격률 격차가 심각한 건축사시험, 응시자의 실력 탓으로 전가하는 국토교통부
"," 669
												"
251, 보건복지," 기부천사 ***의 민낯을 고발합니다.
"," 656
												"
252, 보건복지," 대한민국은 국민을 위한 나라가 아니였나요??
"," 653
												"
253, 보건복지," 충주 모 요양원의 실체를 고발합니다/억울한 제 한을 풀어주세요
"," 651
												"
254, 교통/건축/국토," ‘요소수’ 부족 사태는 국가경제와 국민 실생활에 큰 타격과 국민을 위험에 빠뜨릴 수 있다.
"," 650
												"
255, 행정," 최근 2년동안 500억원의 부당 이익을 취한 광고대행사를 엄중히 조사하고 처벌하여 주시길 …
"," 642
												"
256, 교통/건축/국토," 제2의 **** 사건이 될 경기도/용인시의 국제물류4.0 개발사업을 무효화해주십시오
"," 636
												"
257, 보건복지," 선천성안질환 유아동의 수정체렌즈 직구로만 구매할 수있는 현실이 답답합니다.
"," 633
												"
258, 일자리," 부당하게 전환 불가 통보를 받은 억울함을 풀어주세요.
"," 626
												"
259, 기타," 소형항공사  ****의   부조리와  비리를  고발합니다
"," 625
												"
260, 보건복지," 방역 패스란 ***의 ***을 국민가슴에 낙인찍는 행정명령을 폐기를 청원합니다.
"," 623
												"
261, 보건복지," 백신맞고 1주일만에 돌아가신 내 아버지 자식은 억울합니다
"," 622
												"
262, 기타," 잔금대출이자의 터무니 없는 상승을 막아주세요
"," 621
												"
263, 행정," 실수요자 주택담보대출 풀어주세요!
"," 598
												"
264, 교통/건축/국토," 유류세 인하로 인한 유가보조금 지급단가 변경을 원치 않습니다
"," 596
												"
265, 안전/환경," 층간소음 언제까지 구시대적인 정과 대화로 해결하려고 할 겁니까?
"," 583
												"
266, 인권/성평등," 코로나 검사상 음성이 나온 여학생을 또 검사하게 하고 강제백신접종 시키려는 **구 보건소 …
"," 579
												"
267, 외교/통일/국방," 안용복 해산과 왕돌초에 해양 기지를 건설하는등 대한민국 정부는 해양영토 홍보와 개발에 적극…
"," 573
												"
268, 교통/건축/국토," 비리로 얼룩진 광명*** 주택재개발조합의 입주권 명단 조작 사건에 대해 당국에서 직접 조사…
"," 562
												"
269, 경제민주화," ***** 상장일, 대신증권의 전산 불통에 대해 압수수색을 요청합니다
"," 561
												"
270, 육아/교육," ********대학교에 대한 감사를 미루는  교육부의 직무유기를 규탄합니다!
"," 557
												"
271, 교통/건축/국토," 차량용요소수  고속도로 주유소 우선공급을  중지해주세요
"," 554
												"
272, 인권/성평등," 미성연자그루밍성폭력과 성폭력에대한 2차피해를 주려는 가해자를 엄벌해주세요.
"," 553
												"
273, 교통/건축/국토," 주담대 무주택 실수요자를 위한 ""기금대출 완화""가 필요합니다
"," 552
												"
274, 기타," 내가 아빠인데 양육권 없다고
"," 550
												"
275, 정치개혁," 국민에게 막말하는 정치인은 정치활동을 제한시켜주세요.
"," 547
												"
276, 교통/건축/국토," 요소수가격폭등..
"," 542
												"
277, 정치개혁," 노태우씨의 국가장결정을 취하해 주십시요
"," 538
												"
278, 일자리," 매번 계약위반하고 도주하는 외국인 노동자 선원, 책임은 누구의 몫입니까?
"," 534
												"
279, 인권/성평등," 성인물.도박광고 홍보 사이트 **** 폐쇄를 요청합니다.
"," 532
												"
280, 행정," 소상공인들이 지킬 수 있는 법으로 바꿔주세요
"," 525
												"
281, 보건복지," 여가부 뭐하나요? 임산부들 위드코로나 시대에 살 수 있게 해주세요
"," 523
												"
282, 보건복지," 요양병원내 cctv 설치 의무를 요청합니다.
"," 516
												"
283, 인권/성평등," 지적장애 남성에게 묻지마 폭행을 당했는데 경찰이 솜방망이 처벌했습니다
"," 510
												"
284, 정치개혁," 박수현 국민소통수석의 해임을 정식으로 청원합니다
"," 509
												"
285, 육아/교육," 행방불명된 아들을 찾아주세요
"," 509
												"
286, 외교/통일/국방," 국군**병원과 국군**병원의 안일함과 무성의함에 울분을 금할길이 없습니다.
"," 507
												"
287, 보건복지," 소아장애등록기준완화 및 소아기준요청
"," 501
												"
288, 안전/환경," 인천 ** 경찰서 여경 처벌을 청원합니다
"," 501
												"
289, 행정," 32차 부동산중개사시험_2차_A형 이의 제기 및 타 공시 이의제기 신청 및 통지와 차이를 …
"," 492
												"
290, 육아/교육," 영아수당의 이상한 기준으로 인한 출산율 감소를 걱정합니다.
"," 490
												"
291, 인권/성평등," 성폭력 사건을 은폐한 공직자들을 처벌해주세요!
"," 482
												"
292, 안전/환경," 매연 절감장치에 필요한 요소수에 청원합니다
"," 480
												"
293, 기타," '전기차 보조금 부족현상'에 대한 국민들의 의견입니다.
"," 465
												"
294, 육아/교육," 담임의 실수로 수능을 못치르게 된 ** **고등학교 3학년  학부모입니다.
"," 464
												"
295, 농산어촌," 저희 부모님이 매일 공포감에 사무쳐 생활하고 계십니다.
"," 460
												"
296, 경제민주화," 개인들의 옵션, 선물 거래를 긴급히 제한하여 주시기 바랍니다.
"," 455
												"
297, 보건복지," 주2회 코로나 선제검사?! 종사자의 인권을 보호해주세요.
"," 453
												"
298, 기타," 청와대 청원 게시판의 명확한 삭제 및 숨김 처리 기준을 밝혀주길 바랍니다.
"," 452
												"
299, 교통/건축/국토," 요소수대란 가수요차단
"," 443
												"
300, 보건복지," 몸이 허약하거나 각종 부작용 으로 인해서 본의 아니게  미접종자들을 위한 백신 대책을 요구…
"," 436
												"
301, 경제민주화," 정책모기지(보금자리론) 거절로 서민을 두번 세번 울리지 말아주세요!
"," 436
												"
302, 육아/교육," 자의적 판단으로 수험생들에게 혼란을 주는 감독관을 더이상 보고 싶지 않습니다.
"," 436
												"
303, 교통/건축/국토," 자동차분쟁조정심의위원회 폐지요청 입니다
"," 433
												"
304, 인권/성평등," 대한민국 경찰이 살아있다.
"," 433
												"
305, 기타," 산업재해보상법(산재)에 의한 제 남편의 억울한 2차 죽음
"," 432
												"
306, 기타," 지역 중소기업을 파멸시킨 **그룹을 고발합니다.
"," 429
												"
307, 육아/교육," 위드코로나 학교내 방역 지침 준수 교사의 역할은 어디까지??
"," 428
												"
308, 보건복지," 희귀난치성 질환, 글루타르산혈증 3개월 우리 아이 제발 도와주세요!
"," 427
												"
309, 육아/교육," ***초등학교 그린스마트사업이 아이들의 안전을 제일 우선적으로 고려될 수 있도록 도와주세요
"," 426
												"
310, 보건복지," 의료과실로 아버지 사망하게 만들고 은폐한 병원
"," 426
												"
311, 안전/환경," 서대구역사 건축공사 위법을 고발합니다
"," 425
												"
312, 정치개혁," 건설업자에게 전복선물세트 수수한 **시의원과 관련자를 수사, 엄벌해 주세요!
"," 423
												"
313, 안전/환경," (필독)부스터샷 ! 생명앞에 국가는 경각심을 가져라!
"," 422
												"
314, 보건복지," 코로나 감염 후 완치자를 코로나 패스에 포함시켜 주세요
"," 421
												"
315, 안전/환경," 경찰채용 여경체력시험 기준을 높여주세요
"," 421
												"
316, 인권/성평등," 요양병원 종사자 (주 2회 코로나 검사)에 대해서 청원합니다. 우리가 무슨 생체 실험인간입…
"," 416
												"
317, 보건복지," 백신 맞으러 갔다 코로나 걸렸어요~ 억울합니다
"," 413
												"
318, 행정," 신혼희망타운 당첨자에서 부적격자가 되었습니다
"," 413
												"
319, 안전/환경," 건강과 생태계를 위협하는 길고양이에게 밥주는 행위, 이제는 막아야 합니다.
"," 402
												"
320, 인권/성평등," ** 직원상대로 불법영업 중지시켜주세요
"," 399
												"
321, 인권/성평등," 제 아이들과 살고 싶습니다.
"," 395
												"
322, 보건복지," 제발 코로나 병상으로 ***** 하지 말고 멈춰주세요.
"," 388
												"
323, 보건복지," 아파서 해외에서 귀국한 언니가 병원에 갈 수 있도록 도와주세요
"," 379
												"
324, 교통/건축/국토," 정부는 요소를 구해오세요, 유통은 시장에 맡기세요.
"," 376
												"
325, 기타," 마스크 사기 ***을 고발합니다.
"," 373
												"
326, 보건복지," ‘간병살인’으로 4년 징역을 받은 22살 청년의 감형을 청원합니다.
"," 373
												"
327, 안전/환경," 대형화재와 건물붕괴를 막아주세요. 여러분, 청원 동의를 부탁드립니다.
"," 372
												"
328, 경제민주화," 가상화폐 거래소 ***의 운영방식에 문제가 없는지 명명백백히 조사하여 주십시오
"," 371
												"
329, 기타," 음주운전에책임보험운전자..대한민국모든 차량 종합보험의무화
"," 369
												"
330, 인권/성평등," 여성 성적도구화' 유튜브 게임 광고와 19금 광고영상 금지 요청합니다.
"," 358
												"
331, 보건복지," 차라리 코로나에  걸리는게 낫겠습니다
"," 351
												"
332, 기타," 37년만에 밝혀진 ***소위 사망사건
"," 348
												"
333, 인권/성평등," 자영업자 온라인 광고 사기 피해 방지 / 방문판매법 개정
"," 347
												"
334, 반려동물," 인천광역시 부평 소재의 *동물병원의 만행을 고발하며, 반려동물 관련 법 강화를 촉구합니다.
"," 346
												"
335, 안전/환경," 알콜중독과 가정폭력으로 고통받는 피해자들의 꺼져가는 목숨을 제발 꼭 좀 지켜주세요.
"," 346
												"
336, 행정," 정부는 경찰청에 대해 대대적 수술을 하라!!!
"," 346
												"
337, 경제민주화," 가상자산 과세유예와 과세체계 개선 요청
"," 345
												"
338, 외교/통일/국방," 다문화 가정이 겪는 한국 방문 비자 신청의 어려움을 해결해 주세요
"," 336
												"
339, 인권/성평등," 장애인에게 성폭력을 행사한 사회복지법인 종사자들이 국가보조금으로 임금을 지급받아 가는 것을…
"," 335
												"
340, 기타," 이십칠년이 송두리째 사라졌습니다.
"," 335
												"
341, 인권/성평등," 골프장 갑질회원이 벌금형 받고 다시 골프장에 들어올려고 합니다.
"," 334
												"
342, 인권/성평등," 트위터 남탕몰카유포사건 조작.진짜 인지 철저히 수사.강력처벌을 촉구합니다.
"," 334
												"
343, 안전/환경," 대한민국 정부의 탄소중립 선언에 반하는 해외 석탄화력발전소 건설을 철회해주세요.
"," 333
												"
344, 육아/교육," 광주광역시 **동 아동 폭행 친모를 아동과 분리시켜주세요
"," 330
												"
345, 기타," 최하층의 난방유 등유를 유류세 인하에 포함하고 등유에 붙은 사치성 상품에나 과세하는 개별소…
"," 328
												"
346, 기타," 파산대학에 다니고 있습니다.
"," 324
												"
347, 기타," 울산전통시장 재개발 반대
"," 323
												"
348, 경제민주화," 유사수신 사기에 경종과 함께 강력한 처벌을 청원 합니다
"," 323
												"
349, 안전/환경," 제주를 여행하는 분들!! 제주공항을 이용하시는 분들!! 하늘길의 안전을 위해 일하는 저희도…
"," 321
												"
350, 인권/성평등," 지자체에서 운영중인 CCTV통합관제센터 관제요원이 이를 악용하여 평범한 여러분들의 일상을 …
"," 319
												"
351, 기타," 공매도상환기간조정
"," 317
												"
352, 안전/환경," 오토바이 번호판 개정 촉구합니다
"," 316
												"
353, 교통/건축/국토," [정책제안]요소수 유통 단기안정 대책 (전국 요소수 특별공급  주유소 지정 운영안)
"," 313
												"
354, 기타," ****** 부가서비스(****) 가입강요.이거는 강매아닌가요?
"," 311
												"
355, 보건복지," 간호사의 권리와 간호의 질 향상을 위해 간호법 제정을 촉구합니다.
"," 311
												"
356, 경제민주화," ***** 주가 조작 조사해주세요
"," 309
												"
357, 보건복지," 백신 주사 후 경증부작용에 대한  보험처리를 바랍니다
"," 308
												"
358, 교통/건축/국토," 요소수부족 사태에 대하여
"," 307
												"
359, 행정," 100만 소상공인을 농락하고 능멸한 중소벤처기업부장관을 파직하라
"," 304
												"
360, 문화/예술/체육/언론," 집값 상승 부추기고, 계층간 위화감 조장하는 MBC 구해줘홈즈 폐지를 청원합니다!
"," 300
												"
361, 교통/건축/국토," 급합니다 ㅠ
"," 297
												"
362, 인권/성평등," ‘성희롱 사건’의 진상규명을 위한 포렌식 수사 요구
"," 296
												"
363, 보건복지," 선진국처럼 신속진단키트 과감하게 도입하여 사용하게 해주세요.
"," 294
												"
364, 보건복지," 의료사고 낸 의사에 대한 처벌을 강화해 주십시오!
"," 294
												"
365, 기타," 40대 가장을 때린 20대여자 엄중처벌을 부탁합니다.
"," 293
												"
366, 교통/건축/국토," 도와주세요ㅠ대통령님ㅜㅠ
"," 293
												"
367, 기타," 오너일가만 배불리는 **그룹을 엄밀히조사해주세요
"," 293
												"
368, 보건복지," 아동보호 전담공무원들의 무책임한 행동으로 피해받고있는 이나라가정들에 행복을 가져다주십시요.
"," 292
												"
369, 기타," 성폭력 가해자와 그 애인을 부디 엄히 처벌해주세요!
"," 292
												"
370, 외교/통일/국방," 탈령병에 의한 민간인 총기사고 피해 보상 요청
"," 289
												"
371, 교통/건축/국토," 부산 ***구역재개발 정비사업 인,허가 전면 재검토를 요구합니다(30년된 낡은아파트의 입주…
"," 289
												"
372, 외교/통일/국방," 미국 국적자로 병역의 의무를 수행했는데도 병역 기간동안 불법체류자로 벌금나오는 경우
"," 289
												"
373, 행정," 유류세 인하할때마다 급격히 기름값을 올리는 주유소의 담합 의심을 조사해주세요
"," 288
												"
374, 인권/성평등," ******보안(주) 사장에 대한 엄중 감사 및 처벌 청원
"," 288
												"
375, 육아/교육," 수강료 환급액 미지급 ****, 수강생 모집 광고를 멈춰주세요
"," 286
												"
376, 교통/건축/국토," 배달오토바이 소음에 고통받고 있습니다.(전기 오토바이 정책 필요)
"," 285
												"
377, 교통/건축/국토," 어린이 보호 차량 썬팅 관련 제고 부탁 드립니다.
"," 283
												"
378, 인권/성평등," 부천 유흥가 심야 인질극사건 가해자 강력처벌을 원합니다
"," 282
												"
379, 외교/통일/국방," 국방과학연구소 연구원들의 권리를 복원해주세요.
"," 282
												"
380, 정치개혁," 2014년 자행한 삭제죄명 성범죄자로 허위판결 불법감금3년6월 불법전자발찌10년 불법신상정…
"," 280
												"
381, 보건복지," 부산 서구 국공립어린이집 일방적인 폐원을 반대합니다.
"," 279
												"
382, 기타," 온라인불법재테크투자사기 <은행계좌지급정지> 시급합니다!!
"," 277
												"
383, 교통/건축/국토," 3080+ 도심공공복합사업 결사 반대
"," 277
												"
384, 행정," 소상공인손실보상은 즉석복권입니까? 20년도 오픈 일반음식점업입니다!비교해준다던 업종평균액은…
"," 275
												"
385, 정치개혁," 제4차 근본적인 사법개혁 청원글
"," 275
												"
386, 교통/건축/국토," 경찰수사권에 대한 공정성의 불신
"," 274
												"
387, 기타," 대한****협회의 갑질을 고발합니다!
"," 274
												"
388, 행정," 통신사들 사업권 취소해주세요
"," 273
												"
389, 교통/건축/국토," 유가보조금 인하! 누구를 위한 정책 입니까!
"," 273
												"
390, 행정," 공공주도 3080+ 상식적인 법입니까?
"," 273
												"
391, 정치개혁," 가정, 아동, 성폭행등 강력 범죄피해자들의 현실을 개선해주세요
"," 272
												"
392, 반려동물," 파렴치한 사기꾼 ***을 강력하게 처벌해주세요
"," 272
												"
393, 인권/성평등," 인천시장 임명한 인천사회복지시설장 ""직장내  모욕 등 괴롬힘 갑질,  퇴직금 31…
"," 271
												"
394, 육아/교육," 제발 도와주세요 제 아이가 1년 가까이 학폭을 당하고 있는데 가해자로 몰리고 있습니다
"," 271
												"
395, 육아/교육," 한부모상대로 ***에 사기당했어요ㅠㅠ
"," 270
												"
396, 기타," 아들이 억울합니다
"," 270
												"
397, 일자리," 응급안전안심 서비스 사업 수행인력(응급요원) 처우 개선 요구합니다
"," 269
												"
398, 기타," 외교부와 함께 브라질 대사관, 총영사관을 고발하면서 대한민국 정부의 바른 대책을 촉구합니다…
"," 267
												"
399, 일자리," 업무의 외주화로 인한 피해좀 막아주세요
"," 256
												"
400, 기타," 층간소음 피해자가 칼에 다 찔려야 소잃고 외양간 고칠겁니까? 층간소음 피해자를 보호하는 법…
"," 255
												"
401, 일자리," 공인중개사시험 상대평가 반대합니다
"," 253
												"
402, 일자리," 강성노조의 강압에 일자리를 잃게생겼습니다 도와주세요
"," 251
												"
403, 인권/성평등," 학교폭력 가해자 제주******** **** ***이라는 사람 사퇴시켜주십시오.
"," 250
												"
404, 안전/환경," 이사하다가 너무 억울하여 여기 글을 올립니다.
"," 247
												"
405, 교통/건축/국토," 신용불량자인 건물소유자의 연락두절로 건물철거되어 전세보증금을 날리게 되었습니다. 전세금 착…
"," 246
												"
406, 경제민주화," 후취담보 보금자리는 대출총량에서 제외해주세요.
"," 245
												"
407, 교통/건축/국토," 제가 왜 부적격자 인가요??
"," 244
												"
408, 보건복지," 전문간호사 입법 개정안을 통과시켜 이들의 역할과 위치를 지켜주세요!!
"," 244
												"
409, 기타," 보이스 피싱범의 사생활까지 보호하는 제도를 바꿔주세요
"," 242
												"
410, 인권/성평등," 3년간 집단괴롭힘.폭행.스토킹.폭언.허위사실유포.협박 인성쓰레기 공인중개사 자격박탈을 청원…
"," 234
												"
411, 행정," 유일한 지방도시 그린벨트 지역인 창원시. 해제요청 드립니다
"," 233
												"
412, 보건복지," 불합리한 교통사고 보상 처리 약관을 개정하여 주세요
"," 231
												"
413, 육아/교육," 천안시 고1 학폭 피해자 10곳 고등학교관련 자퇴생포함 30명가량
"," 230
												"
414, 행정," 경기도농수산진흥원 이전지역 조작 의혹 조사와 기관 이전 강행 중지 요청 건
"," 229
												"
415, 보건복지," 나의 발치한 치아를 이용해 만든 임플란트용 뼈이식재를 진료실에서 제작해 사용할 수 있도록 …
"," 228
												"
416, 행정," 성남 **경찰서의 만행을 알립니다.
"," 227
												"
417, 문화/예술/체육/언론," 엠넷 ***** *** 조작수사 부탁드립니다
"," 225
												"
418, 안전/환경," 대법원 판결  시내버스 안전사고
"," 225
												"
419, 육아/교육," ""뇌에 보관했어.""아동학대를 입은 6세의 말입니다.구청은 한번은 학대가 …
"," 223
												"
420, 기타," 안정근 지사 며느리 *** 여사가 생활 보호대상자로 영면하셨습니다.
"," 222
												"
421, 안전/환경," 서초구 **** 살인사건 피의자 신상공개를 촉구합니다
"," 222
												"
422, 외교/통일/국방," 정부는 남북관계 개선을 위해 즉각 결단하고 행동해야 합니다!
"," 221
												"
423, 육아/교육," 대학수학능력시험 시간, OMR 답안지를 걷은 뒤 잠시 수험생들이 가채점표를 작성할 시간을 …
"," 221
												"
424, 교통/건축/국토," 선량한 조합원들을 농락한 건설사 **건설(****)과 동천개발을  처벌하여 주십시오.
"," 220
												"
425, 행정," 불공정경쟁을 지향하는 **구청에 대해 고합니다.
"," 220
												"
426, 보건복지," 삶의 불씨를 살려주는 고가약 급여허가 부탁드립니다.
"," 220
												"
427, 문화/예술/체육/언론," 허위사실을 기재한 언론기자의 행태를 규탄하며, 구태여론 조작하는 기자를 이 사회에서 퇴출시…
"," 219
												"
428, 행정," 불법을 저지르는 사람들에게 벌금을 부과해주세요.
"," 218
												"
429, 인권/성평등," 학교폭력, 범죄가 맞긴 한가요?
"," 218
												"
430, 기타," 보험사의 횡포를 올립니다
"," 217
												"
431, 인권/성평등," 억울하게 성추행범으로 누명을 씌어서 표적수사를 하고 있습니다
"," 217
												"
432, 안전/환경," 민식이법을 이렇게 고치는 것을 제안합니다.
"," 216
												"
433, 기타," 주인이 받은 권리금 1억5천만원은
"," 214
												"
434, 인권/성평등," 경찰관서내 같은 팀원들의 노골적 괴롭힘 및 교묘한 왕따 피해와 관련한 인권침 해등
"," 213
												"
435, 인권/성평등," 경기도 화성시 장안면 반도체 관련 업체 여성직원 인권을 살려주세요
"," 212
												"
436, 보건복지," 소방공무원분들의 식비를 개인이 충당하지 않도록 해주십시요. (국가직으로 신분이 전환됐지만 …
"," 210
												"
437, 보건복지," 앙골라를 격리면제 제외국가에서 제외해 주시기를 청원합니다.
"," 209
												"
438, 행정," 자영업 피해 고발센터와 소상공인부 신설을 요청합니다
"," 208
												"
439, 행정," 어린이 보호구역 주변 상인들에 대한 대책 마련을 촉구합니다.
"," 208
												"
440, 육아/교육," 학생의 입장에서 고교학점제 개선방안을 제안합니다
"," 207
												"
441, 인권/성평등," 노동위원회가 필요한가요? 부당해고 없는 공정한 사회가 될수 있도록 국민여러분이 도와주세요.
"," 206
												"
442, 보건복지," 대구 장애인거주시설 OO재활원 퇴직금 및 십일조를 규탄합니다.(2)
"," 205
												"
443, 인권/성평등," 인권유린한 장애인보호작업장 원장의 복직을 막아주세요!
"," 205
												"
444, 행정," 식약처는 해썹의무적용을 다시 연기하라
"," 205
												"
445, 인권/성평등," 해외법인 한국인근로자에 불법과 갑질을 일삼는 ** *** 부회장 가석방 철회 요청
"," 203
												"
446, 보건복지," 코로나검사의 신뢰성 확보 및 검사결과 변경에 따른 피해 보상을 건의합니다
"," 203
												"
447, 보건복지," 이제와서 '의료진 때문에?' 코로나 의료진에 대한 공무원들의 갑질을 멈춰…
"," 202
												"
448, 인권/성평등," 우리는 대한민국의 개, 돼지가 아닙니다. <주면 주는 대로 받고, 시키면 시키는 대로…
"," 201
												"
449, 저출산/고령화대책," 주52시간 근로기준법 위반자를 처벌해 주십시오
"," 201
												"
450, 성장동력," 요소수 문제 신경 써주시기 바랍니다.
"," 200
												"
451, 문화/예술/체육/언론," 예산을 펑펑 쓰고 있는 가짜 문화재의 조속한 철거와 관련 공무원들의 처벌을 촉구합니다.
"," 200
												"
452, 행정," 춘천시의 외면으로 고통 받는 산골마을 주민들의 눈물
"," 199
												"
453, 인권/성평등," ‘  스토킹에 고통받는 남매의 기막힌 사연 ! ’
"," 199
												"
454, 안전/환경," 남양주시 별내동 카페거리를 본래대로 돌려주십시오. 그리고 이렇게 된 이유를 명백히 밝혀주십…
"," 197
												"
455, 저출산/고령화대책," 임신 했더라도 계속 일할 수 있도록 도와주세요.
"," 197
												"
456, 보건복지," 업무상 과실로 사업주에게 즉시 해고처리와 통장과 퇴직금을 압류 당했습니다.
"," 195
												"
457, 기타," 연인을 잔혹하게 살인한 범인을 강력 처벌해주시기 바랍니다
"," 195
												"
458, 안전/환경," 코로나19 병상대기 시스템이 경악스럽습니다
"," 195
												"
459, 기타," 블랙박스에 사고장면이 확인되지 않는다는 이유로 1년동안 아무런 보상을 받지 못한 이모부의 …
"," 194
												"
460, 육아/교육," 대학 측의 파행적 수업 진행을 막아 주세요.
"," 192
												"
461, 보건복지," 헌혈유공패 반대
"," 192
												"
462, 행정," 가족요양지급 기준 보완을 요청합니다.
"," 192
												"
463, 인권/성평등," 직장 내 괴롭힘 금지법의 개정과 처벌 및 징계에 대한 규정, 신고절차의 개선을 요구합니다.
"," 192
												"
464, 일자리," ‘공공기관’에만 시행하는 '임금피크제', '공무원'도 …
"," 191
												"
465, 보건복지," 코로나 백신오접종 모두가 나몰라라, 도움이 필요합니다
"," 191
												"
466, 교통/건축/국토," 우리집이 하루아침에 철거업체에 의해 난장판이 되었습니다.
"," 190
												"
467, 행정," 임대인의 부도덕한 계약요구를 막아주십시요.
"," 189
												"
468, 보건복지," 초등 장애아동  돌봄 서비스가 필요합니다.
"," 189
												"
469, 교통/건축/국토," 아파트 실거래가를 ""실제""거래가로 등록해 주십시오.
"," 187
												"
470, 정치개혁," 전국민이 군소정당 후보들의 정책을 충분히 알고 공정한 투표를 할수 있도록 해 주세요
"," 187
												"
471, 육아/교육," 불합리한 대학 입시 수학제도 개선 요청
"," 187
												"
472, 교통/건축/국토," 부안군산간 새만금 남북 도로공사 피해 호소의 글
"," 187
												"
473, 교통/건축/국토," 전라북도 익산 ** **아파트 1단지 재건축지역주택조합 관련
"," 186
												"
474, 농산어촌," 조용했던 시골마을에 나타난 불청객으로 인한 피해
"," 183
												"
475, 정치개혁," 국회의원 수당등에 관한법률은 폐지해야 합니다
"," 183
												"
476, 안전/환경," [연수구 구도심] 30년을 앞둔 아파트들의 행적적인 문제로 불필요한 사회적 비용을 막아주세…
"," 182
												"
477, 보건복지," 3차 대형병원과 2차병원의 공생관계, 그리고 간병비 지옥
"," 181
												"
478, 보건복지," 편평사마귀도 의료보험 적용을 해주세요.
"," 181
												"
479, 교통/건축/국토," 민식이 법 미명 아래 탁상행정 ‘주차장법’ 개정 요구
"," 181
												"
480, 안전/환경," 원룸 임차인이 낮과 밤을 가리지 않고 소란을 피워 10세대가 고통의 나날을 보내고 있습니다…
"," 180
												"
481, 행정," 손실보상기준 인건비에 일용근로자와 인적용역비를 포함해야 합니다.
"," 180
												"
482, 기타," 인천지방경찰청 경찰간부 진정사건 피진정인 조사 누락
"," 180
												"
483, 보건복지," 산재노동자  평균임금지급에 대한  근복에 부당함과 직무유기
"," 179
												"
484, 보건복지," 뇌종양 재발후 건강심신평가원 거절
"," 179
												"
485, 인권/성평등," 도와주세요!  보험사는 법위에 있고 법원도 강자편입니다
"," 178
												"
486, 육아/교육," 경북 **** 고등학교의 실체를 알아주세요
"," 178
												"
487, 일자리," 개인 사업자 너무 억울합니다.
"," 178
												"
488, 기타," 독립운동가 후손들의 처우 개선 및 지원 법률의 추가를 제안합니다.
"," 176
												"
489, 인권/성평등," [천안 **중 1학년 9반] 형법 제10조 심신미약 관련 법안을 개정해주세요.
"," 175
												"
490, 행정," 국가 보훈처의 전문성없는 역사인식과 불공정한 포상심사에 대한 억울함
"," 175
												"
491, 행정," 중기부 저신용대출 개편 증액
"," 175
												"
492, 기타," 자영업자 소상공인 상대로 광고 대행 사기를 일삼는 업체를 벌 하기 위한 법 개정이 시급합니…
"," 175
												"
493, 보건복지," 대형병원의 의료중재원 배상거부
"," 174
												"
494, 육아/교육," 대한민국 노동법!! 시급히 개선되어야 합니다!!
"," 173
												"
495, 문화/예술/체육/언론," 송현동 땅의 <이건희 기증관> 건립을 반대합니다
"," 172
												"
496, 인권/성평등," 교직원 성폭행 허위고소한 여고생 무고죄로 강력처벌을 원합니다
"," 172
												"
497, 보건복지," 2005년 7월 1일 이전에 지어진 아파트에도 장애인전용주차구역 설치 및 관리를 의무화 할…
"," 171
												"
498, 인권/성평등," 저희 아이가 50대 남성 어른에게 폭행당했는데, 가해자 말만 듣고 범죄사실이 잘못 적시되었…
"," 170
												"
499, 보건복지," 감기증상 응급진료 거부 및 진료비 청구
"," 169
												"
500, 외교/통일/국방," 코로나 완치자여도 과거 감염 이력이 있으면 중국 출국 불가? 제발 출국 할 수 있도록 도와…
"," 167
												"
501, 기타," **군소재 대형리조트 ***회장에게 집단폭행을 당했습니다 도와주세요
"," 166
												"
502, 문화/예술/체육/언론," 불공정경쟁 입찰로 진행된 ""********* 전시공간조성 및 행사운영용역""…
"," 166
												"
503, 인권/성평등," 기초과학연구원의 용역노동자를 향한 갑질과 협박을 중단시켜주세요.
"," 165
												"
504, 인권/성평등," 모든 어린이들을 위한 유니버설 디자인 놀이터(=무장애 통합 놀이터)의 개선과 제도 마련을 …
"," 165
												"
505, 정치개혁," [국민청원 21탄] 대한민국 사법부에 대한 ‘상고이유서’
"," 164
												"
506, 교통/건축/국토," 고속도로 환승제도 개편 부탁드립니다.
"," 163
												"
507, 행정," 스쿨존 주.정차 금지법
"," 162
												"
508, 교통/건축/국토," 무너져가는 서민들의 보금자리를 지켜주세요
"," 160
												"
509, 기타," 부친명의의 토지를 제삼자가(동명이인) 훔쳐간 사건
"," 160
												"
510, 안전/환경," 플라스틱 쓰레기의 내용물을 씻어서 버립시다.
"," 160
												"
511, 안전/환경," 스쿨존서 눕고 춤추고..운전자 약 올리는 '민식이법 놀이' 공분[영상] …
"," 160
												"
512, 보건복지," 한번의 수술로 모든것이 바뀌어 버렸습니다.
"," 160
												"
513, 육아/교육," 정치에서 사학의 길로 발 돌린 ***** '*** 총장' 첫 근무지부터 …
"," 159
												"
514, 육아/교육," 예비초맘의 안전한 등하교길 불안감을 초고밀도 학교조성하는 통학구역조정대신 안전한 등하교길 …
"," 157
												"
515, 행정," 상가임대차보호법을 이용한 임대인의 괴롭힘
"," 157
												"
516, 기타," 대기업을 상대로 제가 무엇을 할 수 있을까요..
"," 157
												"
517, 경제민주화," 금융감독원의 악의적인 부작위 하수인 노릇에... 보험사기꾼과 **화재 웃고, 중소기업 울고
"," 156
												"
518, 안전/환경," 주4일 근무제 도입을 청원합니다.
"," 154
												"
519, 농산어촌," 정부의 태양열 사업으로 부터 노부부의 삶의 터전을 지켜 주세요
"," 153
												"
520, 교통/건축/국토," ** 시공사의 태도를 바꾸었으면 합니다~.
"," 152
												"
521, 기타," 경찰서 황당한 수사결론
"," 151
												"
522, 기타," 나라의 곳간을 축낸 갑질 법원 직 공무원을 일벌백계로 처벌해 주십시오.
"," 151
												"
523, 육아/교육," 강원도 산속의  **분교의 미래를 지켜주십시요
"," 150
												"
524, 교통/건축/국토," 인천시 동구 ****아파트 관리업체 선정에 관한 비리를 조사해주세요!!!
"," 150
												"
525, 안전/환경," ***구역 재개발지역  팬스안쳐  추락사망사고
"," 147
												"
526, 행정," 시땅 경쟁 입찰 이라니요
"," 147
												"
527, 육아/교육," ***초등학교 그린스마트사업이 일부의 학부모들 이기심 때문에  기형적으로 설계되지 않도록 …
"," 147
												"
528, 외교/통일/국방," 재외공관 행정직원 처우 및 근무환경 개선요구
"," 146
												"
529, 교통/건축/국토," 고속도로 교통사고 과실 비율, 너무나도 억울합니다.
"," 146
												"
530, 행정," *** 빰치는 공공지원민간임대(뉴스테이) 사업 진짜 문제입니다. 도와주세요~
"," 145
												"
531, 행정," 행정상의 실책으로 개인에게 부당한 피해를 입힌 담당공무원에 대한 문책과 징계를 요구합니다.
"," 145
												"
532, 보건복지," 장기 기증 제도를 바꾸어 주세요.
"," 144
												"
533, 기타," 상가건물 임대차보호법을 무시한채 갑박하는 **슈퍼...
"," 144
												"
534, 경제민주화," 중소상공인 식자재 도소매상 손실보상 대상업체 지정을 청원합니다.
"," 143
												"
535, 경제민주화," 사각지대에 있는 ""대학교 구내 매장"" 소상공인 살려주세요~!!!!!!!!…
"," 142
												"
536, 인권/성평등," 제주공항 직원들이 코로나 감염 전파자가 되어야 하나요??
"," 142
												"
537, 인권/성평등," 건물주의 부당한 갑질로 임차인은 너무힘드네요
"," 142
												"
538, 교통/건축/국토," 생색내기 산단조성 이제 멈춰야 합니다.
"," 141
												"
539, 기타," 오토바이 사기꾼에게 빼앗긴 저의 시간과 돈을 찾습니다..!
"," 140
												"
540, 보건복지," 병원의 고위험 약물 관리지침 기준을 명확하게 할 것을 요구합니다.
"," 140
												"
541, 교통/건축/국토," 부산의 32년된 아파트 부지 57%나 되는 녹지를 해제하여 주세요!!!
"," 138
												"
542, 행정," 공무원 복무 문제에 대한 시정요구하는 민원인을 명예훼손으로 고소한 공무원에 대한 국가청원
"," 137
												"
543, 교통/건축/국토," 개발제한구역 대규모 불법상가시설 단속하여 주십시요.
"," 137
												"
544, 육아/교육," 공인노무사 합격 기준
"," 137
												"
545, 인권/성평등," 억울하게 강제 휴재 당하는 웹툰을 도와주세요
"," 137
												"
546, 안전/환경," 기후 위기에 대한 능동적인 대처를 요구하는 글
"," 136
												"
547, 육아/교육," **초등학교 혁신초 지정 반대 청원
"," 135
												"
548, 행정," [전라북도 완주군]의 산지복구비 반환 지연등으로 인한 손해금 및 구상금발생의 건
"," 135
												"
549, 안전/환경," ***마을주민일동
"," 135
												"
550, 교통/건축/국토," ***렌터카를 고발합니다!!
"," 134
												"
551, 육아/교육," 경상남도 교육재난지원금 모든 아이들이 평등하게 받을 수 있도록 지급대상을 확대해주세요.
"," 132
												"
552, 문화/예술/체육/언론," 한국 스포츠 육성응원 허용하게 해주십시오.
"," 132
												"
553, 교통/건축/국토," 토지수용에 따른 피해의 내용
"," 132
												"
554, 농산어촌," 태양광 발전에 도로사면을 이용하도록 해 주세요
"," 129
												"
555, 보건복지," 2021년 10월 27일 국민청원게시판에 허위사실유포와 명예훼손에 대한 글을 작성한 글쓴이…
"," 128
												"
556, 안전/환경," ‘보전녹지지역’에 ‘알박기’로 건설중장비 포크레인 주기장을 설치’하는 진주 시장님을 말려주…
"," 127
												"
557, 기타," 호소합니다 ( ** 셋톱박스 화재 관련 )
"," 126
												"
558, 교통/건축/국토," ****아파트 실거주민 고려하지않는 인천도시공사!!
"," 125
												"
559, 안전/환경," 매년 증가하고 있는 공사장 소음,진동 민원의 원인과 해결방법을 청원합니다.
"," 125
												"
560, 반려동물," **버스터미널 대표와 직원들의 반복되는 길고양이 학대를 막아주세요
"," 125
												"
561, 성장동력," 공기업 및 공공기관의 중소기업 결재대금의 카드결재 비율을 제한하여 주시기 바랍니다.
"," 123
												"
562, 행정," 경력의 동일한 적용
"," 121
												"
563, 인권/성평등," **** 주52시간 미준수
"," 121
												"
564, 교통/건축/국토," 점유취득시효
"," 121
												"
565, 미래," 꿩 먹고 알 먹는다
"," 120
												"
566, 외교/통일/국방," 오바마  제 44대 전 미국 대통령께 대한민국 최고 무궁화 대훈장을 추천합니다.
"," 120
												"
567, 안전/환경," 투명 페트병 분리배출
"," 118
												"
568, 성장동력," 카지노 산업 일본/중국에게 다 뺏길 겁니까? 시저스·MGM 脫한국…한·중·일 카지노 삼국지…
"," 116
												"
569, 교통/건축/국토," 국유재산 환수 관련 법원의 잘못된 업무처리 및 군청의 수년째 업무이행 지연
"," 115
												"
570, 교통/건축/국토," **시 택시 통합콜  행정조치  부당함에 항의합니다
"," 115
												"
571, 육아/교육," **코리아는 처음 가맹점주들과 했던 약속을 지켜주시기 바랍니다.
"," 114
												"
572, 안전/환경," *** **** 타버린 헤드라이트 리콜요청건
"," 112
												"
573, 문화/예술/체육/언론," 연예인 무분별 고소고발 자제좀 하게해주세요
"," 109
												"
