기자,5837
이데일리,5786
대선,2627
후보,2607
국민,2603
이재명,2552
포토,2302
서울,2127
민주당,2094
국회,1769
윤석열,1709
대통령,1396
위원회,1228
의원,1217
방인,1094
대표,1059
오전,1036
여의도,799
노진환,728
국정감사,672
대장동,656
경기도,638
사진,625
발언,568
대한,526
김태형,517
한국,510
문재인,497
위원장,475
회의,475
경선,475
홍준표,460
이준석,457
참석,448
농협,443
관련,436
대책,431
주자,415
검찰총장,413
오후,412
의혹,404
대해,402
장관,399
전두환,397
정부,389
위원,365
이낙연,351
지사,336
재단,330
경기,330
왼쪽,328
개발,327
가운데,323
안철수,322
선거,307
진취,306
코로나,305
방문,302
종로구,301
박기주,296
추진,296
캠프,295
최고,287
위해,269
사업,269
청년,265
중앙,261
김종인,255
논란,255
이정현,253
정재훈,251
권오석,251
김미경,247
송영길,236
지난,236
종합,231
주오,223
정의당,219
간담,216
특검,216
전,215
이세현,214
영락,212
정책,210
인사,210
원내대표,209
지역,206
대위,205
김정현,205
보고,203
이영훈,202
김부겸,201
지원,200
심상정,198
경제,194
질의,194
성남시,192
국감,192
중앙회,188
이상원,188
