경향신문,4350
코로나,1030
서울,829
대장동,525
개발,506
경찰,502
수사,492
의혹,480
사업,436
서울시,422
검찰,411
진자,379
전국,372
정부,365
오후,360
혐의,338
경기,337
지난,322
신규,304
방역,299
한국,272
접종,269
지역,262
국민,249
인천,244
조사,240
성남시,235
부산,234
백신,233
사건,229
관련,227
병원,224
일상,211
공사,209
경기도,207
발생,203
회복,201
센터,201
노동자,201
지원,199
위해,197
포토,194
확진,191
대한,185
내년,185
사진,182
단계,181
단독,179
특혜,177
위드,176
의원,176
여성,175
오전,174
위원회,171
관리,165
재판,164
오늘,162
시민,161
기준,161
도시,161
현장,158
국회,157
사망,156
대표,154
수도권,152
화천,148
경향,148
운영,147
전,147
구속,147
주민,147
국내,145
중,145
단체,145
시설,144
제주,143
안전,143
올해,142
고발,142
의료,142
대해,140
문화,140
성남,140
대상,138
업체,138
국가,137
대유,137
감염,136
당국,136
산업,136
추진,136
윤석열,136
대선,132
중앙,132
본부,132
학교,132
사고,131
명,129
경찰청,129
사회,128
