코로나,775
경찰,580
의혹,576
서울,573
혐의,491
대장동,487
개발,484
지난,477
수사,453
검찰,391
사업,336
남성,314
신종,303
사진,298
코로나바이러스,296
감염증,295
접종,287
사건,283
백신,275
여성,268
중앙,265
이재명,254
국내,250
오후,249
한국,244
성남시,240
공사,238
정부,237
논란,229
재판,227
특혜,220
위드,215
관련,215
국민,211
대한,207
화천,207
부산,202
서울시,200
선고,197
단계,196
성남,196
경기도,194
대해,191
병원,190
발생,188
대유,188
조사,186
유동,185
구속,185
회복,183
전,183
인천,182
일상,179
경찰서,178
사고,174
아이,172
경기,172
폭행,166
오전,166
최근,165
도시,160
중인,158
수능,158
후보,158
전국,155
공개,152
형사,152
방역,151
변호사,147
관리,146
직원,143
단독,141
지역,141
로비,138
의원,137
진자,136
시작,136
대학,135
환자,135
대구,134
가운데,132
불법,131
대선,131
영상,130
신규,130
아파트,129
온라인,127
법원,124
대표,124
대통령,123
사장,123
지법,122
개월,122
민주당,121
차량,121
고발,120
만배,120
남욱,119
사실,117
법조,116
