서울,463
의혹,434
개발,386
대장동,368
코로나,356
검찰,355
수사,330
지난,268
사업,258
경찰,226
한국,214
혐의,208
광주,203
사건,191
전국,191
서울시,174
국민,171
오전,163
지역,162
오후,162
관련,159
정부,158
특혜,157
윤석열,152
경기도,151
노동자,146
재판,142
공사,141
조사,138
고발,138
논란,138
경기,135
전,133
위해,133
화천,132
대유,129
사회,128
시민,127
인천,127
위원회,123
가운데,122
국가,121
현장,118
세계,113
소식,112
센터,112
성남,112
대통령,110
전두환,110
사주,109
의원,108
도시,108
병원,107
구속,105
업체,104
단체,104
대한,104
지원,104
사망,102
제주,101
정책,97
전남,97
발생,96
단독,95
시작,94
회복,94
부산,93
후보,93
문화,93
교육,93
탄소,93
청년,91
일상,89
포토,89
올해,88
유동,88
학생,87
관리,87
학교,86
사고,85
운영,85
내년,85
인사,84
핵심,84
대선,84
진자,83
여성,83
추진,81
기후,81
단계,80
별세,79
대표,79
산업,78
민주,77
울산,77
백신,77
지난해,76
경찰청,76
주민,76
평화,75
