코로나,582
서울,358
한국,246
지난,222
의혹,196
신규,196
서울시,190
진자,187
혐의,184
개발,177
대장동,171
수사,171
백신,167
방역,165
속보,163
경찰,158
접종,158
검찰,157
회복,154
정부,153
별세,153
매일경제,152
일상,150
오후,149
금지,146
사업,140
국내,138
국민,138
산업,136
전국,135
매경,134
가운데,133
단계,126
확진,125
무단,124
부산,122
중앙,122
사건,120
대구,119
및,116
배포,113
울산,112
세,111
최근,109
세상,108
위해,108
기업,108
위드,106
포토,105
관련,103
오전,102
시험,102
지역,101
지식,101
대법원,100
대학,100
전하,100
지원,99
사회,98
교육,98
대한,97
경남,96
온라인,92
개최,92
사진,90
발생,90
전,88
대상,88
신종,86
본부,86
미국,86
기자,85
미래,85
오늘,84
대통령,84
대책,84
학년,84
대해,83
회장,83
대표,83
감염증,83
코로나바이러스,82
학생,81
부장,80
센터,79
논란,79
여성,78
올해,78
투자,77
경제,77
법원,76
선고,76
특혜,76
인사,76
문화,75
위원회,74
시행,73
내년,73
그룹,73
경기도,73
