이데일리,5886
기자,5729
서울,1890
코로나,1836
포토,1211
사진,1009
진자,707
접종,631
방인,630
의혹,588
오전,584
경찰,572
신규,556
단계,541
대장동,534
백신,533
회복,503
서울시,492
개발,475
일상,473
수사,464
인천,462
이순용,461
오후,452
병원,452
검사,450
가운데,436
방역,416
지난,414
전국,412
혐의,405
검찰,403
위드,390
관리,381
국민,373
시민,368
사건,367
발생,365
정부,354
위해,341
중앙,338
김태형,338
이영훈,324
한국,315
기준,296
남성,291
수능,290
대학,285
사업,283
센터,279
시내,272
관련,268
여성,267
종합,266
경기도,263
소수,262
의료,258
대한,256
시험,255
박경훈,254
철근,246
국내,243
핵심,243
대응,240
중구,240
논란,237
연합뉴스,235
오늘,235
최근,233
교수,232
대책,227
의원,225
환자,224
본부,223
치료,219
화천,216
지윤,215
사망,211
시작,209
지원,208
학년,207
윤석열,205
경기,200
학교,198
능력,197
변호사,196
김기덕,194
지역,193
확진,192
수학,191
서초구,191
질병,189
인물,187
대유,187
사고,186
특혜,185
사회,185
남욱,185
서울역,185
영상,183
